STAID,POS,PPT_MM,PET_MM,YLD_MM,yieldmm,USGS_RC,WAS_RC,tmax,tmin,p,swe,tmaxdvar,tmindvar,pdvar,swedvar
9352900,1980-01-01T05:00:00Z,222.830638226666,13.4774431935425,5.2430694321082,6.35857923863442,0.0285354800813629,0.0235293919805358,-1.92623,-20.571,349.772,27011.7,16.3275,70.5136,183.747,1203.92
9352900,1980-02-01T05:00:00Z,158.387812808008,12.7524275725515,4.68255282659305,7.08676009213857,0.0447430895502604,0.0295638454978166,-0.104176,-24.0718,199.844,27053.9,19.0567,47.0798,119.805,203.5
9352900,1980-03-01T05:00:00Z,118.261440524372,15.3214636049038,4.17372476140853,7.98398292949189,0.0675112944176128,0.0352923551658276,-1.00143,-23.0571,176.447,29937.1,7.65058,30.5011,65.6168,31.7227
9352900,1980-04-01T05:00:00Z,82.64883977363,20.9429820306835,7.77792555929671,33.1582352934924,0.401194201688865,0.0941081033998779,1.27264,-18.8305,66.0549,29365.4,9.18884,36.0166,23.038,1.31297
9352900,1980-05-01T04:00:00Z,112.264636033631,32.5649434639041,147.865203666345,140.929001612106,1.2553285397005,1.31711292968562,5.61746,-9.87185,100.958,30434.2,18.4248,6.97305,15.9708,0.172664
9352900,1980-06-01T04:00:00Z,0.89098290091671,52.8004767713906,245.185712270374,361.489780846701,405.720222548349,275.185653976197,15.8827,-7.6853,0,29356.2,9.44849,5.43049,0,4.02743
9352900,1980-07-01T04:00:00Z,24.6024568725464,64.5815479920295,110.662161736769,110.969560782221,4.51050727807802,4.49801262979778,20.1236,-4.78114,35.8228,29984.7,3.76003,3.76854,5.80659,17.8802
9352900,1980-08-01T04:00:00Z,72.6331900504486,54.40981461152,74.7931076629735,53.6903347164039,0.739198356551769,1.02973733648522,16.1019,-5.03205,112.418,29475.5,15.6138,7.25267,55.329,21.9143
9352900,1980-09-01T04:00:00Z,69.4836123417527,39.7535079953382,48.8531978541562,59.7498396759206,0.859912685340007,0.703089494165524,14.3348,-3.9064,84.3333,28087,9.90468,13.5318,49.2732,14.9178
9352900,1980-10-01T04:00:00Z,69.7626754249663,25.8705835552212,32.4565272558801,16.1630143018867,0.2316857001746,0.465242008827326,10.3016,-9.8611,73.3122,28858,67.0788,17.1157,32.2853,1.93113
9352900,1980-11-01T05:00:00Z,45.3665198651606,16.7416960000249,12.2749946789314,10.9747257206696,0.241912444535947,0.270573866265593,6.95246,-13.9951,36.2489,28067.4,31.6776,33.2767,11.6685,5.13542
9352900,1980-12-01T05:00:00Z,41.6307147131797,16.9098612361787,9.23844177303151,8.2700539790828,0.198652702363157,0.221914080425498,4.29501,-15.925,42.4557,28300.7,19.7044,39.5777,20.7748,3.55322
9352900,1981-01-01T05:00:00Z,16.2330823317677,15.7186857038431,7.29333150128384,6.83969873112823,0.421343192336499,0.449288148253334,2.23697,-19.1271,37.6582,10688.9,18.5101,18.5404,14.7204,85.5484
9352900,1981-02-01T05:00:00Z,39.5794438729676,14.879438101342,7.18613709732565,5.05825628594844,0.127800084866861,0.181562356469433,2.55342,-19.0118,58.4177,11367.9,30.3258,52.5301,29.8529,363.515
9352900,1981-03-01T05:00:00Z,142.953251812518,17.2536611024217,4.81694153045502,6.07250818904351,0.0424789790511905,0.0336959213545726,-0.974479,-17.7671,126.236,15612.3,5.38997,28.4771,35.1531,914.332
9352900,1981-04-01T05:00:00Z,53.5793743824107,29.0267379393349,30.2922470737349,49.880388465034,0.930962502641856,0.565371421799942,5.91076,-9.03685,39.3755,17080.2,33.1047,21.5227,11.9875,60.6998
9352900,1981-05-01T04:00:00Z,128.835755150845,36.1528355724396,111.772979743866,120.344889271087,0.934095423511768,0.8675618007827,7.60229,-5.40745,123.789,18359.3,12.0473,6.30385,48.0238,65.4684
9352900,1981-06-01T04:00:00Z,39.6347574698711,55.2644082662768,89.2577377436317,145.857225602786,3.6800332565088,2.25200665883933,16.9013,-2.82103,36.9536,17299.5,11.0774,7.84279,7.28079,136.604
9352900,1981-07-01T04:00:00Z,135.374789461661,63.8408688457074,106.04780533584,75.5877732396357,0.558359304123185,0.783364507952741,16.021,-0.377501,194.629,16022.6,7.68174,5.78394,38.9033,338.92
9352900,1981-08-01T04:00:00Z,75.6985439526767,56.1572709525654,51.1123869056683,39.3867822368582,0.520310962143222,0.675209643895151,15.0563,-1.44515,83.2658,14606.9,10.6912,5.18231,23.2985,100.302
9352900,1981-09-01T04:00:00Z,45.8384411519564,40.5681679059405,26.6785364110515,40.4790535171144,0.883080935997029,0.582012296679352,12.007,-4.19079,123.62,13739.6,7.27117,3.49934,48.5546,8.87371
9352900,1981-10-01T04:00:00Z,139.691494899478,26.5793785812949,52.1960665846252,51.9609051893316,0.371968996585818,0.373652430466047,6.18007,-7.22349,165.203,14794.2,13.0497,14.6824,74.2891,41.613
9352900,1981-11-01T05:00:00Z,57.1316896072639,17.9925818149729,21.8092369701617,25.5513460202794,0.447235959516078,0.381736250408194,6.26294,-11.6377,67.0042,14903.7,26.6125,23.064,28.4495,106.381
9352900,1981-12-01T05:00:00Z,141.673338332468,12.506916235875,8.90544414197828,13.2893005764507,0.0938024100573135,0.0628589983605783,-2.88846,-19.8323,69.481,16824.1,24.9888,45.6301,17.6729,134.474
9352900,1982-01-01T05:00:00Z,106.091727845838,10.2986270891483,8.03584915751493,9.4013349479196,0.0886151553830914,0.0757443518046178,-1.84776,-20.2742,81.0633,16983.8,34.7836,55.0668,21.4075,250.726
9352900,1982-02-01T05:00:00Z,61.6190692148682,11.8923201921051,5.26895721102969,7.51586666652494,0.121973063895477,0.0855085491904563,0.651974,-20.9886,63.2996,17148.2,45.0976,59.3881,16.4904,318.156
9352900,1982-03-01T05:00:00Z,140.071237039264,17.8449569461707,4.65343231689405,11.5728742789052,0.0826213469911826,0.033221897766132,-0.0937117,-16.9446,208.266,21871.4,14.4304,54.2253,71.0217,2019.15
9352900,1982-04-01T05:00:00Z,50.4531019830274,24.5432518806099,26.1365882023191,39.6078371388148,0.785042655100553,0.518037289582542,2.53186,-10.9042,53.5949,23185.6,14.6183,18.9835,26.401,81.4106
9352900,1982-05-01T04:00:00Z,100.801656127421,35.1414623978277,155.182640893011,131.904760320465,1.30855747204914,1.53948503283366,8.21907,-6.15169,93.4093,24541.5,13.4609,7.61715,43.575,30.4903
9352900,1982-06-01T04:00:00Z,16.0930058378305,48.0649636977654,146.144944449362,233.342953859498,14.4996501095506,9.08127082796505,14.0061,-3.21772,12.9578,23365.1,7.78908,3.1719,1.66731,67.0837
9352900,1982-07-01T04:00:00Z,57.1062358715494,62.3258720218451,91.7213604641672,116.235868740599,2.03543215494104,1.60615314710076,17.2447,-0.221723,57.692,22887.9,4.88188,5.47246,8.83566,264.11
9352900,1982-08-01T04:00:00Z,150.124564850811,58.3055001824149,116.562137930499,84.924092039921,0.565690845627537,0.776436141855498,15.3691,2.88458,218.903,20581.7,6.8084,1.98994,35.9174,600.95
9352900,1982-09-01T04:00:00Z,131.694784935377,38.3352644594498,96.4441376784238,82.5314978069788,0.626687669124313,0.732330727642325,12.358,-1.25788,137.485,18165.6,18.5836,7.73061,23.3746,87.8667
9352900,1982-10-01T04:00:00Z,46.1953651228548,23.8193554459343,22.7890362018121,42.1694733556062,0.91285074256818,0.493318672581233,7.68552,-9.15673,48.9156,18648.2,21.2949,13.4668,16.4624,71.9765
9352900,1982-11-01T05:00:00Z,154.776549121462,15.1123385893989,9.03099324395651,18.4645859281408,0.119298343534269,0.0583485889510908,1.87307,-15.8712,205.397,19255,14.9423,41.9137,157.573,326.296
9352900,1982-12-01T05:00:00Z,86.625855078544,12.2254518035418,7.68754488005595,14.7326590539321,0.17007230740261,0.0887442308429235,-1.0113,-22.2403,118.679,22857,17.0423,32.0081,80.767,93.7362
9352900,1983-01-01T05:00:00Z,41.6785757823318,14.2203032169802,5.85121252752614,9.68740599751052,0.23243131070753,0.140388974855675,1.23969,-20.131,42.6118,15977.4,11.1717,19.8525,4.56435,154.58
9352900,1983-02-01T05:00:00Z,88.9263396615267,13.8500385733545,4.77995342092058,7.74992479800841,0.087149935862719,0.0537518292005962,0.58469,-21.145,66.1055,16282.3,23.3655,28.7346,10.7616,217.942
9352900,1983-03-01T05:00:00Z,146.840917175081,18.1931520270615,5.54499493403408,12.5741229524734,0.0856309208248888,0.0377619197748724,0.257316,-17.6593,130.464,20765.9,15.0569,29.2129,25.3891,1624.82
9352900,1983-04-01T05:00:00Z,111.944425429376,20.3630642347995,16.6871636124401,19.2317764702256,0.171797536111868,0.149066499277963,0.114487,-16.639,96.3587,23080.8,23.8542,45.0584,20.5024,282.492
9352900,1983-05-01T04:00:00Z,77.7121030794828,32.4584028309907,113.038122470752,120.878021681688,1.5554594058284,1.45457551644354,8.72975,-7.91806,69.0548,25258.1,20.3726,18.6376,16.066,76.3163
9352900,1983-06-01T04:00:00Z,46.9726753638101,46.8195200744472,203.227317010605,273.249865277431,5.81720890200679,4.32650078873687,12.7432,-1.66962,56.2743,24025,10.8197,10.5563,6.53546,131.535
9352900,1983-07-01T04:00:00Z,55.5308215777624,63.1556357175559,121.075104313007,156.727925487241,2.82235920582892,2.18032258254022,17.3395,1.90452,52,22793.8,8.65629,5.09253,9.55567,613.83
9352900,1983-08-01T04:00:00Z,54.9817232647632,59.2998210620598,57.4515664982685,66.1474286031356,1.20308030878924,1.04492116810548,17.4999,2.39778,82.3038,20023.8,2.88948,1.62282,11.1908,718.302
9352900,1983-09-01T04:00:00Z,86.6933596656886,43.4197618753564,63.5095810092679,29.2832728944882,0.337779883112292,0.732577226839251,14.6609,0.268987,64.4852,16903.3,13.0081,5.8645,17.4695,318.901
9352900,1983-10-01T04:00:00Z,40.9464828843847,27.5082780935367,24.603369604129,47.1237038053397,1.15086084288111,0.600866493798708,9.68565,-5.11195,36.481,16690.3,13.7188,2.95636,11.3742,7.10518
9352900,1983-11-01T05:00:00Z,149.567079682144,14.3847415264036,9.39605574639215,15.2527882350065,0.101979581786456,0.0628216835306299,1.96076,-12.0008,157.633,17390.2,48.542,42.5737,53.209,1839.04
9352900,1983-12-01T05:00:00Z,222.265017533283,10.7617544537419,8.34598268644225,12.1190099190333,0.0545250442626157,0.037549690810847,-3.75276,-15.3717,265.181,22226.7,19.8215,24.239,72.9739,1926.24
9352900,1984-01-01T05:00:00Z,43.4225468063674,10.8842344349527,5.44469372640928,9.81743829277911,0.226090798786116,0.125388631640806,1.48122,-19.9655,25.1181,17031.2,38.8809,31.0648,8.02382,151.765
9352900,1984-02-01T05:00:00Z,61.3332024677832,11.9960408059383,4.77148464327041,8.5951347172543,0.140138365052259,0.0777961112625213,2.09363,-18.7065,35.7468,16633,24.3398,19.1793,9.06339,150.46
9352900,1984-03-01T05:00:00Z,105.388927072245,16.153364596874,4.25677190882744,13.8874491346862,0.131773323066153,0.0403910735888732,3.21982,-17.4007,77.7173,19065.9,20.7331,15.859,13.7473,574.275
9352900,1984-04-01T05:00:00Z,119.635471748295,20.2080320041253,6.64617649421662,40.2579986151578,0.336505536584148,0.0555535611394562,4.42806,-15.5995,96.2532,21074.9,37.3446,10.9661,20.9133,646.761
9352900,1984-05-01T04:00:00Z,57.6235504615874,41.072872217909,193.819268779108,251.274407377038,4.36062001324512,3.36354263537285,12.7738,-6.26535,48.7468,23631.2,17.7849,16.0395,11.3231,36.4661
9352900,1984-06-01T04:00:00Z,81.0729796104124,48.6617666938693,227.995247692621,200.106699188845,2.46822924419994,2.81222238023356,13.7224,-2.39395,77.7384,22311.4,22.7691,8.1441,19.3002,132.321
9352900,1984-07-01T04:00:00Z,96.9100939338351,64.4014414433548,143.111046665778,114.03832295056,1.17674349824095,1.47674035651525,18.7836,2.08337,97.3587,20823,2.64346,2.31283,12.5271,763.157
9352900,1984-08-01T04:00:00Z,123.895242836996,56.7026716212837,108.65530739572,81.8553298715821,0.660681782425465,0.876993376885939,17.499,1.65775,137.983,17886.9,5.46095,1.81146,23.8036,708.092
9352900,1984-09-01T04:00:00Z,66.1481865677622,39.6845065445452,51.3945071405415,58.7615942318792,0.888332655524635,0.776960182995991,14.0602,-2.8071,104.156,15458.1,14.8472,8.33251,46.641,95.2701
9352900,1984-10-01T04:00:00Z,161.806256032488,20.5646389129462,33.3856142440008,56.095932178873,0.346685805322693,0.2063307999494,4.09759,-12.6899,190.84,17890.8,26.0629,25.1271,52.2823,1757.03
9352900,1984-11-01T05:00:00Z,65.5079289357355,14.678285282968,12.295124327125,27.904930564641,0.425977908598152,0.187689101561839,2.43572,-15.8376,71.5654,19552.3,36.5414,23.0853,17.4225,276.003
9352900,1984-12-01T05:00:00Z,205.097922221567,12.4673864943852,8.49026091022294,16.410075662897,0.0800109308039172,0.0413961332141187,-1.11188,-16.7705,246.646,22058,24.3694,11.3334,86.7561,1973.61
9352900,1985-01-01T05:00:00Z,46.0321515848681,11.984121957529,5.68182349693289,13.0682456744941,0.28389387036147,0.123431629878466,-0.424187,-20.1298,27.6456,15180.9,26.9401,23.4735,4.24609,63.9931
9352900,1985-02-01T05:00:00Z,65.8572033359253,10.7984576453091,4.92583845363476,9.41433817744646,0.14295077380413,0.0747957429730044,-0.260172,-20.9281,67.4641,15347.5,55.9584,28.2843,13.5104,463.269
9352900,1985-03-01T05:00:00Z,214.958791771564,16.6628043570827,4.6036210724536,15.1617656283185,0.0705333589911079,0.0214162958142501,1.88458,-17.0465,187.747,19974.7,29.1932,18.101,61.148,2293.74
9352900,1985-04-01T05:00:00Z,113.316407606834,26.1658895780736,74.9674814103661,75.2626925014642,0.664181772886749,0.661576580070168,8.08453,-11.457,118.456,22686.5,18.5227,8.48409,31.2754,695.73
9352900,1985-05-01T04:00:00Z,87.2385622869556,37.0203440409539,232.851692678821,202.915396766646,2.32598281593858,2.66913720921829,10.8498,-6.11515,64.6076,24905.6,15.2198,12.348,9.61356,13.5148
9352900,1985-06-01T04:00:00Z,20.7926484890483,52.7755407130646,197.600155106915,300.855721562954,14.4693313947676,9.50336630809649,16.3414,-0.354079,8.33755,23281,9.41101,7.84081,0.677443,242.968
9352900,1985-07-01T04:00:00Z,84.4566136743037,61.6237112107867,124.940005125735,116.586955937825,1.38043607084968,1.47933950569638,18.0975,2.71961,93.9873,21951.1,9.50434,1.75837,15.5563,653.11
9352900,1985-08-01T04:00:00Z,42.2610718615785,55.2933694655708,45.5496460378384,42.6896025366806,1.01014008060434,1.07781568311924,18.4841,1.49925,48.4768,19488.4,4.92359,3.32362,14.9271,423.975
9352900,1985-09-01T04:00:00Z,201.381749915697,33.4001673478924,115.47791129853,74.8335859270779,0.371600633912483,0.573427886821284,10.5575,-3.40331,202.43,17285,14.6892,14.875,85.3657,50.0602
9352900,1985-10-01T04:00:00Z,92.6673793922252,25.9482165069257,52.8513701868666,62.6105501718297,0.675648222518773,0.570334140595119,8.74336,-5.92228,108.975,18412.2,17.073,5.58856,39.1247,19.8939
9352900,1985-11-01T05:00:00Z,206.493429730826,12.6361166684926,13.8318651758547,29.9074279117774,0.144834767628022,0.0669845292118261,-1.22075,-12.8407,262.409,19477.1,34.3575,27.222,88.6462,1905.25
9352900,1985-12-01T05:00:00Z,50.5532902440571,12.550178280678,9.57587649081678,20.9612059972979,0.414635840636743,0.189421429240058,1.16463,-15.514,39.789,23047.4,29.7642,16.0246,6.03683,16.628
9352900,1986-01-01T05:00:00Z,14.1410398961997,14.913235306209,5.77443809088063,17.151259745928,1.21287118004223,0.408346071665668,4.8579,-14.0225,4.4557,9232.13,17.5651,9.46718,0.355135,2.96844
9352900,1986-02-01T05:00:00Z,140.887938749588,13.3334410530285,5.24886667987453,16.2150272199941,0.115091663373785,0.0372556141175702,0.595992,-14.3683,159.928,10625.9,36.6562,36.4352,51.4395,3889.24
9352900,1986-03-01T05:00:00Z,79.0335295083208,20.1255153186465,8.85825943386977,25.0572232982587,0.317045479989865,0.112082295817716,6.10514,-12.4012,56.692,14898.4,38.0741,16.8685,14.724,598.095
9352900,1986-04-01T05:00:00Z,150.768259892053,24.1345454504373,64.8577779707922,56.1479450969804,0.372412238074387,0.430181909754937,5.94585,-10.1892,167.616,17339.6,30.4324,18.6947,67.4212,1188.02
9352900,1986-05-01T04:00:00Z,67.7171037096759,34.2449077799976,153.328204030255,180.627861357609,2.66738905627176,2.2642463370498,9.5767,-5.91119,61.4135,20068.2,20.3808,12.9101,11.9334,140.704
9352900,1986-06-01T04:00:00Z,53.8298453976374,53.3232231862996,193.226211283484,275.356388460782,5.11531078023247,3.58957395950398,14.9185,0.177567,47.8861,18474.8,13.5591,4.80982,9.01874,427.15
9352900,1986-07-01T04:00:00Z,135.472311761565,57.9867247344974,156.609001156932,158.080261358034,1.16688243747002,1.1560222094133,16.1463,2.38608,167.304,16194.1,6.95105,2.1174,41.3926,869.677
9352900,1986-08-01T04:00:00Z,96.5118213053535,55.0882869094473,84.8116337958643,60.7640915790156,0.629602578804976,0.878769384400374,17.5564,2.4393,94.6203,13289.7,4.37084,2.19128,15.6164,734.308
9352900,1986-09-01T04:00:00Z,167.158173799747,33.2071471508225,98.48358871513,60.6730689723276,0.362968005650822,0.58916406225586,9.04086,-2.08762,171.679,11344.2,24.7938,8.14242,58.5413,115.667
9352900,1986-10-01T04:00:00Z,130.969817206635,22.9879346532889,50.4665851167808,64.3399796989021,0.491258070532319,0.385329888925157,7.24636,-7.59705,150.612,13552.9,16.3619,13.8672,73.2456,487.326
9352900,1986-11-01T05:00:00Z,120.489878948116,15.3737946184423,17.9418374188346,40.4530470580607,0.335738133453351,0.14890742339081,3.85858,-12.233,129.418,14891,23.2042,18.5895,79.6718,449.598
9352900,1986-12-01T05:00:00Z,26.2690043659942,12.6525405613649,9.27834954552853,19.2057700111719,0.731119068830573,0.353205223017115,2.37376,-16.3595,14.4051,16780.5,11.6764,17.9545,5.64206,15.35
9352900,1987-01-01T05:00:00Z,91.2804591539291,10.346707078672,6.94906221618678,10.7276643596593,0.117524215577936,0.0761286948005855,-1.84681,-16.0446,94.5105,7029.44,31.3215,13.3921,19.6761,809.037
9352900,1987-02-01T05:00:00Z,132.271381435204,12.3641126557296,5.18637673476619,7.63289573226668,0.0577063280767641,0.0392101199707123,-0.554777,-14.5337,148.232,8824.2,29.942,16.0618,73.8323,2510.54
9352900,1987-03-01T05:00:00Z,120.327947012061,15.6477941570368,4.62006910136454,17.3072985002503,0.14383440364453,0.0383956447033993,1.76644,-15.8059,106.903,14417.8,37.0426,14.049,26.2419,1608.54
9352900,1987-04-01T05:00:00Z,63.6672627407274,25.8209672701278,30.8954449916024,67.031648210962,1.05284325610063,0.485264226254208,7.96554,-8.40204,51.038,16723.7,24.5117,24.8361,16.5305,142.764
9352900,1987-05-01T04:00:00Z,74.3226265080786,35.1483093673961,165.167903095728,171.330552245904,2.30522736205079,2.22230982482535,9.3594,-3.60133,71.2954,16825.8,11.8538,5.72975,6.86757,70.8625
9352900,1987-06-01T04:00:00Z,29.6744499725363,52.8867218584715,170.232926647284,299.347346937838,10.0877134105227,5.73668347028622,15.8132,2.09684,24.6456,14702.3,6.09089,3.19546,6.41486,966.917
9352900,1987-07-01T04:00:00Z,48.6606345323072,59.3003566392954,87.9073064129506,134.90850634117,2.7724362338843,1.80653843209928,16.7841,3.99524,30.9451,11574.8,6.68386,3.43004,4.59368,1406.05
9352900,1987-08-01T04:00:00Z,116.270422798894,51.5506190745915,92.866620497527,73.5722726629725,0.632768600061135,0.798712331666263,15.3657,3.2171,116.135,7534.36,7.31021,3.57243,44.2037,1063.06
9352900,1987-09-01T04:00:00Z,30.6797523395634,36.9721020149839,26.7152436592492,22.0144675889736,0.717556887204224,0.870777683064875,12.2665,-0.530661,25.7426,4981.18,5.37506,3.67962,5.1826,188.76
9352900,1987-10-01T04:00:00Z,80.1360923450212,28.4005763287803,30.9727110637705,14.4075783157606,0.179788880317868,0.386501389790998,9.62087,-3.22982,86.6793,4218.99,18.7755,7.33047,30.014,19.5721
9352900,1987-11-01T05:00:00Z,103.635352610277,14.7211753175322,12.0666052095397,22.3525515566719,0.215684619135028,0.116433291397352,2.16589,-11.525,112.747,5257.3,22.0524,20.0686,45.0751,320.76
9352900,1987-12-01T05:00:00Z,70.6698312844375,9.9499419353055,9.23984926900634,10.2985577852729,0.145727782252974,0.130746728852614,-3.55308,-16.4725,77.827,7362.57,41.5254,26.4119,8.31911,834.52
9352900,1988-01-01T05:00:00Z,96.4527154562448,8.79560995185795,5.51138800400973,7.2688053055146,0.0753613340083935,0.0571408277925565,-3.52123,-17.5542,87.2447,7896.49,26.6895,21.792,32.2689,1061.17
9352900,1988-02-01T05:00:00Z,45.41725224608,13.359612107406,4.86259512222002,6.56663091106418,0.144584504484878,0.107064934176852,1.59566,-14.3807,34.5992,9262.48,21.2995,11.2684,15.1851,40.3998
9352900,1988-03-01T05:00:00Z,47.4602850668882,14.8656104370504,4.29975765321366,11.7029065741738,0.246583149630903,0.0905969622212296,0.981013,-15.1294,27.903,10445.6,33.782,23.5305,3.22389,125.521
9352900,1988-04-01T05:00:00Z,66.2950378053487,24.0326779494672,9.51775288874014,35.9149199531866,0.541743713287225,0.143566595688286,6.37391,-7.85401,73.2532,11181,18.6927,12.0869,18.4052,447.053
9352900,1988-05-01T04:00:00Z,65.954467207023,32.6825755640544,76.1194471049925,124.713974392112,1.89091019415941,1.15412117371918,8.31047,-4.39996,41.5781,12010.3,24.1377,20.6213,8.44175,151.066
9352900,1988-06-01T04:00:00Z,74.4828162278109,52.6327144190069,169.230572240091,157.508119258852,2.11469070633826,2.27207537000867,15.2398,2.83432,65.6034,9748.22,8.56402,7.12799,13.8258,1183.58
9352900,1988-07-01T04:00:00Z,62.7000386733076,60.659665262112,86.7189076332008,55.6408191454329,0.887412836144231,1.38307582368555,17.2276,4.64285,46.7215,6155.61,4.54809,1.47822,8.54564,1403.76
9352900,1988-08-01T04:00:00Z,160.386947854466,53.9651371522062,119.911376841518,78.435480506018,0.489039049344525,0.747637999510565,16.0821,4.29366,199.363,2742.77,5.55664,2.99835,59.6486,675.246
9352900,1988-09-01T04:00:00Z,94.7156758944163,35.0874710395884,60.8342585572292,61.3362336781975,0.647582705808611,0.642282895442185,12.3309,-1.36582,90.8692,1220.22,12.0966,8.02449,37.2027,19.6904
9352900,1988-10-01T04:00:00Z,29.9326759443446,29.8755684759021,20.606864934196,28.3470403685543,0.947026601338999,0.688440451248375,10.7839,-2.81829,24.2574,1144.34,7.89113,3.92888,5.65311,20.0949
9352900,1988-11-01T05:00:00Z,120.15378483445,13.7269384478665,8.86592277448871,12.704155247742,0.10573245999072,0.0737881273295249,0.612728,-11.6466,126.911,2467.88,28.075,34.6089,36.0871,1639.74
9352900,1988-12-01T05:00:00Z,105.425034206337,11.5352802849527,7.92336840078132,10.3895803919609,0.0985494619013021,0.0751564223851591,-0.981435,-15.51,90.4051,4899.19,54.5256,31.1121,38.6741,1188.95
9352900,1989-01-01T05:00:00Z,95.1151883419792,10.1780511051763,5.31745285936234,9.05024775069439,0.0951503950994129,0.055905402197637,-1.3988,-17.316,83.0633,1945.49,32.8599,23.9706,20.7537,525.744
9352900,1989-02-01T05:00:00Z,153.64613147007,11.8554872238087,4.70011210897302,9.54437047271506,0.0621191720311831,0.0305905008085972,-1.42209,-14.2129,157.021,6503.71,41.8728,24.6257,166.024,1604.46
9352900,1989-03-01T05:00:00Z,77.2456093452851,20.9160690677851,8.28055700904396,32.5730899647837,0.421682089647104,0.107197769287186,4.97918,-9.14108,64.27,9313.11,23.856,19.4523,35.6489,108.774
9352900,1989-04-01T05:00:00Z,30.2470865850719,27.5981208604859,72.9423269462109,88.1879026511628,2.91558337042242,2.41154885251695,7.8417,-5.34859,13.038,9394.55,19.7269,16.2383,2.73663,97.3998
9352900,1989-05-01T04:00:00Z,19.9031694679957,39.3758110926114,134.817836964103,142.333350401007,7.15129068412339,6.77368683318955,11.9414,-1.55315,6.79747,8417.32,14.5882,8.73303,1.1462,327.352
9352900,1989-06-01T04:00:00Z,14.6650221089241,51.2378263928704,99.8544135720153,112.790012915981,7.69109054716972,6.80901895887705,15.6781,2.05942,3.70464,5740.84,16.4399,8.23447,0.457479,955.452
9352900,1989-07-01T04:00:00Z,96.2658200457918,65.1928518720432,92.0787755474649,59.8538655121354,0.621756148585906,0.956505387931717,19.2836,5.02783,135.692,2387.02,16.4753,1.42923,49.469,990.374
9352900,1989-08-01T04:00:00Z,60.2369672095013,52.5206033985906,44.8785187898725,45.1602161467839,0.749709326993819,0.74503284061077,15.8893,3.37301,50.4641,396.439,4.50753,2.56344,12.1106,68.0864
9352900,1989-09-01T04:00:00Z,67.5909722069935,40.0751272618891,38.4836127152476,21.3382996535769,0.315697480844477,0.569360248250221,13.581,0.636287,62.2869,53.9578,9.74949,5.95446,27.7456,0.454602
9352900,1989-10-01T04:00:00Z,79.6253946871143,24.6334766854396,29.2593705000979,30.0894731251535,0.377887899248591,0.367462800216837,7.26507,-5.08561,66.6034,168.658,22.0084,18.8166,44.1501,7.12233
9352900,1989-11-01T05:00:00Z,16.3619409149835,16.9357553283538,10.2470870603294,10.5196126872295,0.64293183442535,0.626275764811349,3.98129,-9.08298,10.3671,231.106,28.6322,18.3204,3.58255,13.0825
9352900,1989-12-01T05:00:00Z,16.8325028802861,12.4470624590122,8.84386377896729,5.74742745087201,0.341448178666483,0.52540396647281,0.279774,-13.8526,2.21519,505.907,29.0876,15.1007,0.139568,1.03719
9352900,1990-01-01T05:00:00Z,80.5975068761606,11.8240708532289,5.3979461497217,5.74742745087201,0.0713102386616379,0.0669741082440147,-2.47781,-15.5435,84.4979,7210.87,33.3834,18.8479,19.7989,619.429
9352900,1990-02-01T05:00:00Z,74.606617896737,12.1414922409856,4.78873711187375,5.87745974614061,0.078779335021936,0.0641864923900161,-0.921338,-14.4592,84.6118,8789.84,37.238,20.9442,17.5135,777.528
9352900,1990-03-01T05:00:00Z,112.323710233268,18.6327923008352,4.27989618592537,12.327061591463,0.109745854778682,0.0381032301820968,2.95148,-10.4562,137.177,13189.9,25.248,19.8625,34.1584,1381.81
9352900,1990-04-01T05:00:00Z,174.251479121572,25.9365849815013,45.8582492529537,34.4975679347589,0.197975753828125,0.263172797637829,6.64128,-6.16751,187.654,15528.9,13.4451,8.30161,64.255,553.679
9352900,1990-05-01T04:00:00Z,68.964784669796,34.8351387860928,117.167075281736,122.256364011535,1.77273610868068,1.69894063822185,9.42589,-3.70995,67.4684,17850.2,7.29441,6.34715,45.0889,104.696
9352900,1990-06-01T04:00:00Z,20.9341488186768,56.6119274430686,109.973661239916,195.73761406782,9.3501587173771,5.253314199324,17.0666,3.30387,11.2152,15161.6,18.4782,13.4131,3.22016,1160.86
9352900,1990-07-01T04:00:00Z,119.554112178931,58.2755202275384,112.300993403163,79.8528325244457,0.667922090416542,0.939331917208229,16.3327,4.43439,132.97,11502.2,5.37813,1.11916,42.4198,1466.34
9352900,1990-08-01T04:00:00Z,115.374784116331,51.2813450918311,86.7996508690102,44.6530901952364,0.38702642468404,0.752327742442331,15.3376,3.37029,126.557,8031.27,8.50532,1.63675,36.789,885.53
9352900,1990-09-01T04:00:00Z,147.273296530894,41.4762653861009,102.62107735827,54.5875575537572,0.370654822290246,0.696807091139856,14.1293,2.13938,168.65,4959.92,22.1243,6.23321,49.8822,389.483
9352900,1990-10-01T04:00:00Z,74.6177014948663,26.508260738333,35.9751999105121,63.598795615871,0.852328527169208,0.482126883967167,8.7011,-4.28855,60.5654,4102.97,12.044,16.7677,29.0826,10.103
9352900,1990-11-01T05:00:00Z,99.4232343828948,16.4047078894213,15.0910519204929,29.9854472889386,0.301593963172228,0.151785968482727,3.25717,-9.87658,83.7511,5138.16,34.5322,23.1866,32.3368,253.113
9352900,1990-12-01T05:00:00Z,110.934094921641,9.66960970228419,8.3657785313295,14.9667171854156,0.134915394550137,0.0754121493237827,-3.43052,-17.7746,106.359,7416.13,50.316,38.5082,27.9043,1726.09
9352900,1991-01-01T05:00:00Z,47.5868102045719,11.7732691263639,7.54389480119469,9.16727681643613,0.192643229857743,0.158529112768099,-1.03675,-17.1199,38.9831,6982.16,11.4078,6.54365,20.5634,118.414
9352900,1991-02-01T05:00:00Z,35.9453886932504,15.3478697294691,5.12313898485767,7.02174394450427,0.195344777168115,0.142525624874371,3.21429,-12.7258,31.2743,6601.99,11.4355,9.65943,12.0786,62.6443
9352900,1991-03-01T05:00:00Z,175.922932780337,15.0300786357703,4.55711225961669,8.54312179914686,0.0485617290715252,0.0259040261982606,-0.0236151,-13.7535,173.886,11077.2,14.377,9.8547,41.788,2003.1
9352900,1991-04-01T05:00:00Z,36.0806127837794,21.3305688411068,4.94844421336449,48.1769653970154,1.3352590679578,0.137149672125002,4.44248,-10.207,16.7679,13027.9,19.49,14.838,1.30128,21.7011
9352900,1991-05-01T04:00:00Z,62.6042390184457,34.252194413153,89.0879047262152,152.514879120538,2.43617495415288,1.42303310643176,8.58391,-3.12393,48.5738,13252.7,8.14838,10.2973,14.9191,180.527
9352900,1991-06-01T04:00:00Z,50.5746695228104,49.4232883520028,171.067212339669,148.36684890147,2.93361974089723,3.38246821884844,14.0165,1.87257,47.616,10642.4,9.13236,5.89005,8.9668,852.624
9352900,1991-07-01T04:00:00Z,64.8235963205871,60.2328844191134,99.6971961571362,53.5472991916085,0.826046412586995,1.53797693765833,17.5553,4.41377,86.6793,7182.82,4.22804,1.52111,10.6764,1529.62
9352900,1991-08-01T04:00:00Z,89.0681594443785,55.3928727182343,72.2127351085682,32.2220027675585,0.361767919855586,0.81075813802646,16.6488,4.68075,95.2954,3377.25,3.1253,0.921676,11.4563,923.497
9352900,1991-09-01T04:00:00Z,125.46524344835,39.6518416551177,88.2749682642011,80.6720359846379,0.642983138337019,0.703581054306417,13.9219,0.818354,131.397,1213.91,12.4245,3.02783,57.871,92.593
9352900,1991-10-01T04:00:00Z,63.5937431472157,29.9504519263039,38.0565485189084,15.4608399074362,0.243118884693503,0.598432277068669,9.99238,-2.938,58.6962,676.726,63.7555,23.4214,16.6054,131.832
9352900,1991-11-01T05:00:00Z,129.800963080773,16.6975856856675,19.422443874913,14.2515395614383,0.109795329889577,0.149632509759013,2.60809,-10.7207,146.426,2894.63,28.4499,29.2861,90.8206,868.354
9352900,1991-12-01T05:00:00Z,57.3714918188739,14.1345947370422,8.72828288354295,12.1320131485602,0.21146413948694,0.152136237124508,1.60412,-13.3363,58.1013,5404.57,18.0576,7.99502,13.9766,329.469
9352900,1992-01-01T05:00:00Z,36.1491170339101,12.5694682517286,7.51218237123778,9.07625420974811,0.251078171597775,0.207810950518954,2.15952,-15.4042,36.2068,6446.73,17.6483,5.74551,10.6301,138.114
9352900,1992-02-01T05:00:00Z,65.8470385322009,13.193008352698,5.17513863623977,8.95922514400637,0.136061170611721,0.0785933392237373,1.02233,-14.0671,63.3122,7261.57,12.4734,8.68124,26.9925,840.656
9352900,1992-03-01T05:00:00Z,103.559565247175,18.7843708835717,4.66093368897241,15.6558883503391,0.151177617566971,0.0450072736192717,3.22737,-10.7986,113.464,10083.7,7.52329,7.34983,22.1079,640.743
9352900,1992-04-01T05:00:00Z,43.3156264359774,30.385944145404,53.1363847181374,61.0761690876603,1.41002622178243,1.22672552818036,9.76575,-4.97053,30.1435,11380.8,13.8945,12.8117,4.96971,43.7804
9352900,1992-05-01T04:00:00Z,121.915980356469,38.8401526396063,142.678424828903,157.989238751346,1.29588621843833,1.17030125510804,10.4709,-1.33728,114.08,10292.4,7.49231,2.56068,23.6126,311.35
9352900,1992-06-01T04:00:00Z,28.72095817732,47.7417565406035,81.8688593552843,155.804696190834,5.42477361754135,2.85049192474134,13.7338,1.3064,18.5823,7831.93,9.39743,4.68906,3.75875,764.667
9352900,1992-07-01T04:00:00Z,105.93311444649,56.0579229773076,90.2145149417818,91.1006260651794,0.859982513883299,0.851617696818988,15.7233,3.39302,109.008,4692.08,6.26024,6.38966,30.1915,1227.74
9352900,1992-08-01T04:00:00Z,120.642277083765,51.7870843546516,87.1075996809303,59.333736331061,0.491815454460165,0.72203212494447,15.6814,3.29413,132.017,1430.08,10.7549,6.39065,44.3212,532.169
9352900,1992-09-01T04:00:00Z,45.5926798422508,39.871517674431,30.2086626169786,32.2089995380316,0.70645111560614,0.662577034767415,13.7021,0.768987,38.1181,260.219,5.05559,2.9279,16.0385,21.5222
9352900,1992-10-01T04:00:00Z,62.8026402667654,28.2911587660773,23.4876244156354,15.018730103523,0.239141699134436,0.373991034705985,9.1259,-2.66728,66.5738,76.1181,19.9628,7.55071,23.2712,4.04115
9352900,1992-11-01T05:00:00Z,79.8957091412356,13.3460857422214,9.79916809239516,13.9134555937399,0.174145216849435,0.122649491414773,0.722714,-13.3508,62.5063,1691.83,21.6941,17.3885,18.9267,276.105
9352900,1992-12-01T05:00:00Z,122.16272074423,12.0866993326499,8.6778090537262,9.5313672431882,0.0780218972295475,0.0710348378037094,-1.27208,-14.4025,118.278,3530.73,15.5009,21.0051,41.2821,873.872
9352900,1993-01-01T05:00:00Z,158.538124730665,11.5919221339965,5.31730922167938,9.25829942312414,0.058397937018952,0.0335396248108319,-1.06914,-14.1373,165.426,9392.12,22.594,14.8891,40.0303,3149.2
9352900,1993-02-01T05:00:00Z,187.81879493616,12.3922525041051,4.70541380226181,8.17903137239479,0.0435474595349995,0.0250529442692953,-0.782248,-13.4406,207.063,12532.4,8.76549,9.89025,85.3281,4529.09
9352900,1993-03-01T05:00:00Z,68.0851131831601,21.2477424454017,10.6225573454262,19.2707861588062,0.283039643438128,0.156018795428155,6.49,-10.6542,56.8523,17703.6,8.95472,12.2309,19.2258,195.305
9352900,1993-04-01T05:00:00Z,77.5538061457548,24.0651966807243,59.6522879513094,48.9831656276807,0.631602342451402,0.769172925429331,6.27982,-8.97581,65.7511,19127.6,10.5309,16.8362,14.3794,182.302
9352900,1993-05-01T04:00:00Z,76.5444745648999,38.9069279309476,204.945114411636,253.510962855658,3.31194334139316,2.6774645142788,11.6895,-2.5458,76.6625,20397.4,18.1398,22.929,14.5061,278.405
9352900,1993-06-01T04:00:00Z,22.3396647659264,48.0443848054733,151.432588161283,259.570467815174,11.6192642340401,6.77864192448653,13.938,1.30795,18.9072,17746.3,16.9054,12.2263,3.22062,631.911
9352900,1993-07-01T04:00:00Z,9.03683293781145,61.1680444849848,56.0781200148204,102.413435753547,11.3328902347009,6.20550588914633,17.8062,4.5032,5.1097,14626,5.69441,1.7862,0.842228,1582.36
9352900,1993-08-01T04:00:00Z,134.67454534198,51.5306696370828,100.411468574157,68.7870841970881,0.510765297350116,0.745586096609283,15.1139,3.68783,147.865,10450.9,17.2207,1.77743,43.1194,1308.21
9352900,1993-09-01T04:00:00Z,37.3473962175507,37.2149742210609,31.5609825446765,41.1162117639305,1.10091240429256,0.845065138164705,13.3269,0.0855837,34.6624,7451.73,12.5768,9.47973,8.54669,203.305
9352900,1993-10-01T04:00:00Z,90.5869382873054,24.9190168913418,29.43636885398,21.6243707031678,0.238714003497767,0.324951581436825,8.16279,-4.93167,104.709,6706.73,18.4077,20.9785,23.4376,119.613
9352900,1993-11-01T05:00:00Z,87.8218149946001,13.3009909877556,11.2556560126611,11.6899033446469,0.133109334455974,0.128164693628265,0.484459,-12.547,87.076,8450.18,22.4675,18.2682,35.8344,1272.48
9352900,1993-12-01T05:00:00Z,56.5923310926787,11.5414635884386,9.06394787388753,10.3115610147998,0.182207744683869,0.160162122656583,0.108344,-14.5263,34.7848,10601.8,22.4624,12.0514,7.06349,222.785
9352900,1994-01-01T05:00:00Z,46.996379283359,13.1358863631609,5.41466398518933,11.0657483273577,0.235459592762202,0.115214492430199,0.790186,-14.8808,34.557,7838.83,32.3154,17.3215,6.04769,108.133
9352900,1994-02-01T05:00:00Z,110.489496202695,11.6209877526933,4.80007829466292,9.03724452116753,0.0817927932677739,0.0434437522084188,-1.46481,-15.7401,110.076,9353,24.7719,18.9637,28.5673,1467.99
9352900,1994-03-01T05:00:00Z,65.7838755472312,20.4420529644013,5.1095835766067,14.004478200428,0.212886183489952,0.077672279629347,5.13359,-10.3087,61.384,12410.8,15.6809,16.5248,10.5306,315.403
9352900,1994-04-01T05:00:00Z,137.505164839676,24.3732599131791,37.2520325584374,37.6053397916784,0.27348310760199,0.270913696964557,6.13361,-7.71948,142.949,14436.7,30.1518,20.4654,36.041,883.803
9352900,1994-05-01T04:00:00Z,59.0921192196656,38.8979560383171,148.955025482901,152.072769316625,2.57348647035857,2.52072573212655,11.0832,-1.86954,49.7679,16176.2,10.3675,8.43482,11.6382,204.104
9352900,1994-06-01T04:00:00Z,30.8051447040679,60.0840431172357,117.255565759829,176.635869892863,5.73397306163401,3.80636308922596,17.9869,4.30478,29.038,13025.4,6.41908,3.84924,9.14802,1422.83
9352900,1994-07-01T04:00:00Z,24.0480042476151,64.2592191684036,39.8527727924817,35.4858133788003,1.47562404819184,1.65721747144293,18.8065,5.1877,13.2869,9128.84,1.90894,1.74672,0.807984,1628.78
9352900,1994-08-01T04:00:00Z,81.1492274573311,58.4260180550603,46.8064863076913,22.7296452129508,0.28009687738435,0.57679521757989,17.7128,5.23084,95.5738,4984.64,4.94562,1.09296,17.2603,1241.2
9352900,1994-09-01T04:00:00Z,107.278675210051,39.4038689100591,69.7385200652271,37.2802590535069,0.347508570370695,0.65006880378304,13.1312,1.42004,120.578,2339.56,11.4986,3.22763,39.3977,208.411
9352900,1994-10-01T04:00:00Z,95.345480928232,23.5049485876926,33.5598375191157,35.3947907721122,0.371226726505836,0.351981417392783,6.50749,-5.24357,102.274,2407.61,15.4937,8.81528,53.6125,386.893
9352900,1994-11-01T05:00:00Z,168.777574418661,12.7431204016333,11.0065805364185,25.1872555935273,0.149233425591537,0.0652135248081963,-0.301758,-13.1726,163.477,5375.46,35.5033,30.6847,79.7695,2158.06
9352900,1994-12-01T05:00:00Z,60.1238862108285,12.8408152198561,9.18148222490739,17.2682888116698,0.287211787194151,0.152709393945559,0.198789,-13.4546,58.4177,8537.84,22.7411,18.1343,18.7483,321.961
9352900,1995-01-01T05:00:00Z,97.6194869116148,11.2266424335315,5.52369358971738,11.8199356399155,0.12108172265459,0.0565839236045008,-1.78059,-14.8814,98.0675,6469.13,16.5966,15.1698,15.8888,889.988
9352900,1995-02-01T05:00:00Z,104.652041029046,16.8649532593177,6.91715321806395,11.871948558023,0.113442111986406,0.0660966871744441,3.9679,-10.1713,106.017,8549.05,27.7784,6.91872,58.8629,1863.18
9352900,1995-03-01T05:00:00Z,160.469521134401,18.2901061059637,9.19978183632291,26.6566205300625,0.166116408534281,0.057330400011711,3.13318,-11.3791,159.283,14093.1,23.3421,25.1678,42.6566,1179.65
9352900,1995-04-01T05:00:00Z,93.9658013554755,21.8584977807736,33.255590786838,35.7978908874449,0.380967228194228,0.353911639204045,4.77686,-9.81062,82.2405,16113.9,18.26,14.1759,15.6859,1022.21
9352900,1995-05-01T04:00:00Z,123.061883467005,31.2250771850344,160.416801243096,104.077849132985,0.845735870448382,1.30354579926534,7.65435,-5.26807,111.338,19295.8,10.1735,7.67097,21.0993,217.317
9352900,1995-06-01T04:00:00Z,74.3904895646545,44.0197749047741,226.100479711155,344.429543707461,4.63002119925705,3.03937346069817,12.6451,0.0745429,71.6118,17967.7,10.0963,6.1413,30.3192,474.894
9352900,1995-07-01T04:00:00Z,36.988678844175,59.834529078125,129.1850905479,240.104633213465,6.49130060105612,3.49255757666089,17.2109,4.39819,25.5781,15410.3,14.3784,6.90154,3.18086,1552.71
9352900,1995-08-01T04:00:00Z,87.4741886726932,60.5520821606104,88.1719233435947,87.1606475185409,0.99641561517849,1.00797646347441,18.394,5.60671,108.485,11118.6,5.30039,1.50154,25.0387,1486.4
9352900,1995-09-01T04:00:00Z,83.8273468355873,38.5833117128202,61.6024266964121,36.9421750858086,0.440693597976615,0.734872676063988,12.7307,0.958579,70.1097,7594.75,20.0393,17.2735,21.9267,310.017
9352900,1995-10-01T04:00:00Z,11.3566813891425,26.9911948579552,17.4153741513592,20.1420025371058,1.77358172224172,1.53349148000305,9.18892,-4.05056,0.85654,6932.03,12.7632,13.3772,0.0236665,55.3472
9352900,1995-11-01T05:00:00Z,49.7119550285891,18.2359099661797,7.64652266551154,7.61989250273982,0.153280885822287,0.153816575129947,5.02933,-7.76174,38.8059,6934.53,19.3799,19.1535,12.7156,60.8581
9352900,1995-12-01T05:00:00Z,64.0237454714319,12.6584962399701,7.51821824032689,7.12576978071914,0.111298858388389,0.117428591297921,-0.174153,-12.255,54.5781,7788.36,18.2973,24.7234,16.1679,152.291
9352900,1996-01-01T05:00:00Z,125.694036574309,12.9214730204897,6.85272328102323,7.24279884646088,0.0576224540468076,0.0545190803620343,-2.08643,-14.7741,110.338,11099.3,42.6434,30.2273,25.9035,1054.82
9352900,1996-02-01T05:00:00Z,101.675722946116,14.6619202927412,4.73937053791891,10.5196126872295,0.103462383963618,0.0466126072241511,1.86651,-11.7087,96.8228,12949.1,41.552,31.6315,46.9187,211.758
9352900,1996-03-01T05:00:00Z,88.5922097051921,17.6450355600753,4.19538869434695,15.6558883503391,0.176718567043729,0.0473561807331359,3.00783,-12.1221,71.8819,16294,17.7963,13.6044,16.7083,407.843
9352900,1996-04-01T05:00:00Z,70.8020456980339,24.0630352602146,15.0126241829961,53.2872346010713,0.752622810198703,0.212036587855441,6.19494,-8.1481,44.481,17125.2,19.068,19.5771,11.224,189.694
9352900,1996-05-01T04:00:00Z,18.7589562578227,43.1503109332411,126.463881859925,167.741660896491,8.94195063899363,6.74152016358526,12.1012,0.0524023,10.0295,16730.5,11.9619,5.97791,2.15863,578.344
9352900,1996-06-01T04:00:00Z,73.3753432481984,56.5000364221127,134.831485669537,83.8448239891917,1.14268390821123,1.83755849990995,16.5346,3.6244,68.8101,13337,8.78208,2.31516,17.5248,1363.21
9352900,1996-07-01T04:00:00Z,34.6541409545695,66.5777306857844,43.9535306772578,34.8096454434036,1.00448732776374,1.26834858595628,18.987,5.87451,25.0591,9490.68,5.15652,1.08523,3.20501,1998.9
9352900,1996-08-01T04:00:00Z,75.3164226537652,56.7880059063777,43.5789259512613,17.7754147632173,0.236009812161846,0.578611203450231,17.3568,4.76045,78.7721,5299.9,8.18295,1.82319,15.0941,1123.67
9352900,1996-09-01T04:00:00Z,73.4767612106385,34.908594624952,39.6704670985856,27.6578692036307,0.376416553314631,0.539904950149623,11.4531,-0.646132,78.8186,3023.88,24.496,20.3424,23.8985,53.6081
9352900,1996-10-01T04:00:00Z,174.921106977342,23.3818564774864,56.153658793108,35.8238973464986,0.204800312355324,0.321022772857148,6.60671,-5.59637,183.034,2978.08,51.5829,41.6174,116.667,1252.31
9352900,1996-11-01T05:00:00Z,154.257678394377,16.05833521213,25.1646660094198,23.6528745093579,0.153333530982404,0.163133960470244,3.27855,-10.0304,159.211,7194.11,33.089,18.3297,52.489,1540.95
9352900,1996-12-01T05:00:00Z,105.930606395794,11.4840029920571,9.29225636798438,14.0304846594817,0.132449771948429,0.087720222550839,-1.99747,-14.9551,90.6371,10608.5,31.9851,36.6145,19.2208,539.473
9352900,1997-01-01T05:00:00Z,167.011251881294,11.6090715151844,8.34434145451493,8.93321868495265,0.0534887235699669,0.0499627501771306,-1.12121,-14.7909,151.987,6740.4,32.673,14.5698,44.4759,2854.91
9352900,1997-02-01T05:00:00Z,57.4584969086641,11.9262861142453,5.32376191452835,7.78893448658899,0.135557574695528,0.0926540407590368,-0.581977,-14.9981,58.2616,8611.11,18.4147,11.2173,14.3254,231.586
9352900,1997-03-01T05:00:00Z,54.1004671458646,20.7038187769224,8.52109091240068,25.7073847746017,0.475178609923829,0.157504941490178,6.80659,-10.1403,33.1603,11250.5,18.1767,25.4227,7.02373,8.55322
9352900,1997-04-01T05:00:00Z,111.017561958965,20.9505910892033,26.5857219694256,47.474791002565,0.427633161500274,0.239473120291115,4.10021,-10.0895,104.916,12732.6,23.2533,27.0526,14.2783,437.996
9352900,1997-05-01T04:00:00Z,78.7361618095618,36.623065404389,199.193750149642,208.727840365153,2.65097809657017,2.52988900616504,10.8579,-2.36756,70.0549,13687.6,13.3258,16.5369,11.6711,181.091
9352900,1997-06-01T04:00:00Z,55.1444060205263,50.2843976555401,208.898178503984,306.473116718557,5.55764652908726,3.78820253184387,14.3309,2.37131,57.5443,11131.8,12.7058,4.49721,15.1508,880.793
9352900,1997-07-01T04:00:00Z,87.1980714638119,58.3506909482619,123.829047749801,153.711176237009,1.76278183286199,1.42008929407563,16.9988,4.64775,98.0802,7754.7,9.88572,1.85379,46.8438,1533.22
9352900,1997-08-01T04:00:00Z,120.201614721685,53.4827458797016,99.7238339697923,101.230141866603,0.842169567363895,0.829638056033549,16.1059,4.39887,110.004,4115.6,4.26973,1.71666,17.2866,816.923
9352900,1997-09-01T04:00:00Z,143.287548536408,41.3108699134576,107.837460161824,75.3667183376791,0.525982327895919,0.752594773679329,13.9093,2.54655,143.886,1629.42,10.5196,5.27137,96.2432,222.456
9352900,1997-10-01T04:00:00Z,89.5724707674229,24.5052350064109,37.9897963725996,52.8581280266849,0.590115775235589,0.424123573315746,7.79196,-5.33653,86.8861,1644.76,28.3844,30.7155,24.9655,220.548
9352900,1997-11-01T05:00:00Z,89.7642035722392,14.8782511458524,11.4537201906633,21.7413997689095,0.242205677805772,0.12759785900006,2.08959,-10.2664,83.7806,2824.71,19.2693,23.692,39.1355,383.392
9352900,1997-12-01T05:00:00Z,58.4655168529747,11.423104299425,9.07510266712399,13.4323361012461,0.229748009155976,0.155221456263621,-0.604873,-14.6403,40.7468,4613.92,27.5649,16.2955,7.51432,65.102
9352900,1998-01-01T05:00:00Z,65.141596815527,12.3691707290213,5.57777241545034,9.01123806211381,0.13833308519643,0.0856253559648823,-0.544916,-14.212,50.5485,5380.37,11.7514,11.2041,10.1956,117.43
9352900,1998-02-01T05:00:00Z,74.5984990479203,10.9719056202694,4.96007409781282,6.47560830437616,0.0868061474027297,0.0664902667093421,-2.25309,-15.8166,63.5907,5941.11,11.9128,12.8511,10.6359,394.925
9352900,1998-03-01T05:00:00Z,159.747468831083,16.9980586962298,4.44810240080766,15.48684636649,0.0969458012687874,0.0278445876692486,2.79931,-11.9151,155.384,9654.67,25.7911,28.1819,73.5163,1419.06
9352900,1998-04-01T05:00:00Z,79.7842513144877,20.0299761799846,4.16939954445816,28.8411630905749,0.361489424484175,0.0522584278947926,4.34831,-10.6423,64.9494,12875,20.8905,14.205,5.4881,343.991
9352900,1998-05-01T04:00:00Z,32.4997036717417,35.5167647560657,91.1861192710316,146.754448440139,4.51556266242948,2.80575232906869,10.0509,-2.55601,17.5148,13464.5,7.47088,10.6142,2.23913,137.087
9352900,1998-06-01T04:00:00Z,8.89948353973225,45.6306035152447,142.377049486222,146.728441981085,16.4872985410903,15.998349662716,13.6313,0.79339,3.8481,11134.6,25.22,12.2097,0.493596,534.012
9352900,1998-07-01T04:00:00Z,93.0632576759874,65.5022383917386,124.122955335821,94.4164495945287,1.01454056039229,1.33374823142311,18.1433,6.16578,105.857,7454.77,8.31229,0.804933,23.6741,2088.6
9352900,1998-08-01T04:00:00Z,84.4450468278658,57.1585936887749,74.5943150648689,39.0486982691598,0.462415496657339,0.883347429683154,17.1529,4.5164,89.0844,3488.49,4.82488,1.50683,13.7028,961.294
9352900,1998-09-01T04:00:00Z,51.774219716441,44.1588685934382,41.9823193684863,35.2647584768436,0.681125831929152,0.810873048370727,14.6861,2.87525,61.2405,1043.54,4.91797,2.91649,17.6075,198.963
9352900,1998-10-01T04:00:00Z,184.328843853387,24.3100546857006,67.4385236682302,33.3402805068684,0.180873919728954,0.365859852741603,6.30257,-4.52477,179.105,669.182,19.4397,14.3415,66.149,52.359
9352900,1998-11-01T05:00:00Z,103.419161881792,16.4350955760997,23.7022231450375,28.1259854665976,0.271961065578403,0.229185991394216,3.92363,-9.5955,104.401,3021.03,27.7974,17.8343,49.6879,1009.85
9352900,1998-12-01T05:00:00Z,42.4172406774155,13.1833535189177,9.26448505667969,16.4230788924239,0.387179331567604,0.218413194934965,0.785423,-12.9337,26.3671,4290.94,43.1761,25.4116,3.96696,63.5718
9352900,1999-01-01T05:00:00Z,67.348637554188,13.380669686374,8.34358785815877,9.271302652651,0.137661324554508,0.12388651294461,0.328501,-12.5206,50.865,872.118,13.2218,14.9314,12.474,448.338
9352900,1999-02-01T05:00:00Z,56.4457769791928,13.8438703841302,5.32904471948604,7.99698615901875,0.141675543982088,0.0944099807758949,1.83446,-12.9558,44.8186,2560.78,17.4542,16.8078,10.3506,215.167
9352900,1999-03-01T05:00:00Z,27.1045395292492,21.3639059805845,5.84208339751886,17.983466435647,0.663485406798392,0.215538928127317,4.54281,-8.54015,19.9873,3521.65,10.9223,6.29953,2.5254,26.0773
9352900,1999-04-01T05:00:00Z,209.543402703574,20.3241996431464,10.8160155342109,39.126717646321,0.186723691328382,0.0516170654607132,3.22518,-9.77468,201.532,6465.25,25.2041,25.1525,75.3176,537.16
9352900,1999-05-01T04:00:00Z,106.798893320829,32.6475881811255,127.234190044026,142.476385925802,1.33406238113157,1.19134371235297,8.71866,-4.01531,88.0169,8968.19,17.6226,18.1247,27.6379,154.538
9352900,1999-06-01T04:00:00Z,51.5433898828623,47.4642330688233,180.167793365564,233.551005531928,4.53115338480253,3.49545875378034,13.9409,1.32096,47.4473,7027.29,18.2664,10.4559,8.42752,677.007
9352900,1999-07-01T04:00:00Z,167.430645660596,61.1164891739905,182.20591995304,143.841725026123,0.859112287709317,1.08824713202381,16.3286,5.21723,181.536,3709.28,5.32434,1.34926,34.0147,1003.74
9352900,1999-08-01T04:00:00Z,211.530059591561,52.3255975225597,176.572672360471,178.326289731355,0.843030489735983,0.834740332893643,14.8542,4.26916,221.768,1112.69,4.78479,1.30745,24.0464,287.703
9352900,1999-09-01T04:00:00Z,85.5856211148101,36.9894269810742,66.5674858288129,77.0181284875903,0.899895654017317,0.77778819574745,12.5523,0.331364,83.0633,188.506,7.68215,4.82713,16.6814,7.3853
9352900,1999-10-01T04:00:00Z,7.82889894413146,29.3702843217955,13.6331944627272,21.0262221449322,2.68571893633823,1.74139359314972,11.1418,-2.90227,0,53.0802,13.708,11.1041,0,0.322623
9352900,1999-11-01T05:00:00Z,11.3317801205338,20.8409168984413,9.55254101745967,7.98398292949189,0.704565641458613,0.84298679605951,7.43805,-6.41688,0.303797,24.5907,32.221,24.6537,0.00307643,0.01681
9352900,1999-12-01T05:00:00Z,23.3391044086585,12.0833903286437,5.74122965055105,5.55237900796911,0.237900260042079,0.245991857700466,-0.502178,-13.8785,9.59072,266.886,20.4964,13.2511,1.34424,7.56998
9352900,2000-01-01T05:00:00Z,75.5098881495784,12.7686465563197,5.12313459774559,5.14927889263646,0.0681934382214445,0.0678472015161393,-1.18388,-12.7474,57.1646,5681.92,22.4619,33.3558,18.9713,94.5598
9352900,2000-02-01T05:00:00Z,129.74911457919,13.8350774603909,4.55687798444876,5.04525305642158,0.0388846819709302,0.0351206865590404,0.998327,-12.1653,120.511,7309.18,24.8345,12.0332,28.083,1698.74
9352900,2000-03-01T05:00:00Z,185.584158370677,17.7496168175923,4.03969802942469,8.23104429050222,0.0443520845893641,0.0217674723149375,2.50871,-11.4313,171.456,12618.6,21.2804,9.21895,72.362,2397.03
9352900,2000-04-01T05:00:00Z,43.527905025055,27.604267887101,24.1692047415107,50.8296242204948,1.16774800421102,0.555257707155875,8.59712,-5.66878,32.2658,15180.3,15.6419,14.6079,7.56187,19.7429
9352900,2000-05-01T04:00:00Z,28.9982363226613,41.0434467566992,121.264528158907,177.012963549142,6.10426653467927,4.18178977540582,12.5978,-0.783381,13.4346,14557,22.8992,17.2806,2.93608,339.276
9352900,2000-06-01T04:00:00Z,17.1091593427399,56.9736917581285,82.3468183971759,86.6145118784128,5.06246450473132,4.81302539461818,16.9414,3.47004,1.27848,11029.9,4.49942,1.37471,0.023647,1175.62
9352900,2000-07-01T04:00:00Z,31.3908273459393,66.3193947230184,32.200903374417,20.8831866201368,0.665263976320084,1.02580613819287,19.489,5.46863,23.2658,7385.84,3.22159,0.758383,3.33222,1696.61
9352900,2000-08-01T04:00:00Z,95.7560513522949,60.3198974345673,56.391071235832,18.0874922718619,0.188891375703416,0.588903473351927,18.2545,5.07091,101.439,3446.28,7.40531,1.76542,21.2206,857.833
9352900,2000-09-01T04:00:00Z,62.3542054139112,40.4216217247253,37.2724881719177,26.5395914643208,0.425626327657442,0.597754199969362,14.5861,1.81477,48.4852,1303.97,13.9843,12.0038,5.11641,157.367
9352900,2000-10-01T04:00:00Z,170.079456651132,25.3070319659446,65.0927191400329,28.9321856972629,0.170109819650993,0.382719467839973,6.93678,-4.51456,156.738,887.359,23.2096,18.0291,67.429,115.258
9352900,2000-11-01T05:00:00Z,69.9854889558173,11.777821612684,14.4512946423697,19.6868895036657,0.281299592206811,0.206489871800323,0.300211,-14.8178,59.1435,3191.17,19.2114,22.3381,13.7253,347.515
9352900,2000-12-01T05:00:00Z,63.5104117556227,13.0777052285597,10.0610671600223,10.1815287195312,0.160312749328535,0.158416027890601,0.874613,-13.0102,57.4895,4714.87,25.4573,10.0166,10.7433,553.535
9352900,2001-01-01T05:00:00Z,104.243686759054,11.469120500729,5.71509682999967,7.58088281415924,0.0727227043656034,0.0548243928019295,-0.438955,-16.2747,119.886,4349.42,30.0574,16.1516,56.9735,1550.01
9352900,2001-02-01T05:00:00Z,122.037158409884,12.5293108694443,5.10036756201991,6.70966643585963,0.0549805200586856,0.0417935621287525,0.152351,-14.136,98.076,7474.65,14.0332,14.8667,28.3158,746.007
9352900,2001-03-01T05:00:00Z,89.5035257513141,18.7010293775976,4.55235835885342,11.1957806226262,0.125087593238882,0.0508623355408609,4.83218,-11.5064,75.3966,11524.8,14.8426,16.3848,18.5141,777.215
9352900,2001-04-01T05:00:00Z,132.286450065982,25.6780976118157,56.1297361957234,46.0704422136641,0.348262744904598,0.424304501086293,6.8154,-6.8173,126.692,13516.4,27.3386,18.1408,32.4215,895.199
9352900,2001-05-01T04:00:00Z,49.1146442135088,41.6824746371743,193.483300596303,280.921770698278,5.71971507066342,3.93942180982115,13.1416,-1.353,46.2911,14787.1,16.0411,10.2174,22.4978,333.883
9352900,2001-06-01T04:00:00Z,18.9897309825363,55.5677778602625,121.712295439992,200.366763779382,10.5513218677846,6.40937439039675,17.1649,2.82602,11.1477,11633.8,13.3709,11.9008,1.75101,1065.36
9352900,2001-07-01T04:00:00Z,70.1324503631587,64.7008563540302,74.6235405421233,74.2354373688423,1.05850340298161,1.06403726314579,18.6281,5.21805,68.2532,7939.12,5.70416,1.47278,10.5382,1611.46
9352900,2001-08-01T04:00:00Z,124.403199084217,59.7744004341842,86.1168386945675,73.9103566306708,0.594119421162442,0.692239744062123,17.0298,3.9412,128.105,4179.7,6.14289,2.48539,19.6145,774.398
9352900,2001-09-01T04:00:00Z,24.9482213261996,44.4850743537818,22.4219615246205,18.2955439442917,0.733340613949037,0.898739883354885,16.1388,1.79557,16.6835,2057.89,4.17759,4.28352,1.5137,184.659
9352900,2001-10-01T04:00:00Z,38.7594093471585,28.1771029270528,12.946571929801,10.1295158014237,0.261343399500651,0.334023973736075,9.82578,-2.90418,33.924,1299.65,13.033,8.09565,7.55851,8.37623
9352900,2001-11-01T05:00:00Z,72.3875450590177,17.1465169889867,10.8398557591381,7.98398292949189,0.110294981311806,0.149747525631659,3.52968,-8.73586,66.135,1557.96,33.7471,34.9317,22.8706,520.481
9352900,2001-12-01T05:00:00Z,53.5910545087489,11.4286989364898,7.2160523742848,6.95672779686997,0.129811362374559,0.134650315065302,-0.37893,-15.5689,34.481,3961.17,13.6944,10.8298,4.7672,123.514
9352900,2002-01-01T05:00:00Z,20.9421230684395,11.6178248955353,6.61197053611153,5.16098179921064,0.246440238286462,0.315725894385369,-0.413706,-15.1982,7.02954,4438.03,27.7822,23.8332,0.264927,3.98603
9352900,2002-02-01T05:00:00Z,35.8301855804033,12.1837739798939,4.58279055976887,3.46666099186081,0.0967525268347156,0.127903065126052,2.05425,-15.7123,16.9114,4268.17,15.6954,11.3368,4.32082,53.6048
9352900,2002-03-01T05:00:00Z,66.0686864673912,16.5585855683861,4.07380821594293,6.712267081765,0.101595285764882,0.0616601968915123,2.95624,-13.3908,59.1435,6142.78,48.2277,39.1999,12.4648,426.121
9352900,2002-04-01T05:00:00Z,33.853762901521,29.2286107000748,9.0088803713849,34.8486551319841,1.02938793638265,0.266111640162168,8.23073,-4.80577,25.2278,6482.45,12.3012,6.19987,3.53076,4.65204
9352900,2002-05-01T04:00:00Z,11.1365414003435,39.7169642792386,39.0027894989765,53.2872346010713,4.78489978939312,3.50223539758704,12.1881,-2.03062,0,6059.44,23.8347,13.3773,0,243.17
9352900,2002-06-01T04:00:00Z,2.57293218623773,64.1178803197766,25.7074874275104,25.0182136096782,9.72361951220372,9.991513793102,19.9184,4.64241,0,3140,5.83519,4.08581,0,1077.68
9352900,2002-07-01T04:00:00Z,45.9396687774052,69.9361310928414,20.3055078955067,11.0917547864114,0.24144176659512,0.442003794017202,20.7323,5.37308,43.9409,689.907,5.34688,1.63921,6.16872,157.037
9352900,2002-08-01T04:00:00Z,49.5501525422081,59.7998944366183,19.9688602006098,11.0657483273577,0.223324203047238,0.403003001526581,18.7203,4.5294,55.5148,63.0886,10.6335,2.93901,7.36516,3.28549
9352900,2002-09-01T04:00:00Z,130.30948788359,39.7174680138959,67.0990259743792,32.4560608990419,0.249069054189178,0.514920494771042,12.9992,1.12525,123.561,0,16.5929,6.43751,49.418,0
9352900,2002-10-01T04:00:00Z,110.584466703929,23.6167742471237,37.4690072970683,28.8411630905749,0.26080663903541,0.338827037954482,7.02253,-5.64237,108,403.173,21.7514,13.6199,25.2129,192.256
9352900,2002-11-01T05:00:00Z,70.5182559807471,15.8921986520021,13.8291845033783,16.1500110723598,0.229018866784923,0.196107863290804,4.47799,-10.8724,62.443,2509.3,15.711,13.7615,38.4272,446.689
9352900,2002-12-01T05:00:00Z,59.5348919306386,11.4256688610446,7.60841287508102,6.98663522478174,0.117353622358491,0.127797542388172,-0.649517,-15.4038,38.9494,3771.56,18.4895,12.5186,11.1622,216.407
9352900,2003-01-01T05:00:00Z,23.4127444053672,16.4118229054271,6.12711641648551,4.9230226988691,0.210271064922254,0.261700051493362,5.03165,-11.0707,19.5907,4898.57,10.7634,3.97302,2.4279,25.4547
9352900,2003-02-01T05:00:00Z,125.139670234896,12.3011642643313,4.90624528390043,5.29231441743192,0.0422912606969306,0.0392061548083918,0.425332,-14.5529,97.3713,5227.41,15.8539,23.4391,32.4111,828.823
9352900,2003-03-01T05:00:00Z,76.0220691872388,19.0127537843274,4.51154484757747,11.0527450978308,0.14538863800995,0.0593451993060824,5.4495,-11.667,63.5738,8892.89,23.7565,20.101,11.4363,317.247
9352900,2003-04-01T05:00:00Z,57.480007139707,24.2590767929656,24.1527846642133,38.2815077270751,0.665996920181842,0.420194531387395,6.52208,-8.4621,47.8312,9907.98,19.8541,18.6718,8.26628,175.183
9352900,2003-05-01T04:00:00Z,52.2294360570167,39.1415465633018,116.737654248211,155.752683272726,2.98208625309868,2.23509314021261,11.2966,-1.94467,30.2068,10258.3,28.9157,22.2853,5.3456,345.778
9352900,2003-06-01T04:00:00Z,17.0856697800383,52.8317595149048,85.2670205128376,80.7240489027454,4.7246639986603,4.99055767848548,16.1556,1.67602,12.7004,7214.85,6.68049,1.95871,2.596,757.372
9352900,2003-07-01T04:00:00Z,39.7452859239526,75.5597129465872,33.7922455375096,26.5265882347939,0.667414703860706,0.850220214849294,22.2553,6.43542,67.3038,3675.12,6.18952,1.67785,17.6384,1659.46
9352900,2003-08-01T04:00:00Z,110.424963200527,60.5277545714191,69.1777513982203,31.8579123408064,0.288502811478903,0.626468412514627,18.2566,4.45461,124.882,865.046,4.99994,1.61847,13.0243,199.704
9352900,2003-09-01T04:00:00Z,103.14940448917,41.165263230009,66.4989678306761,47.4227780844575,0.459748442749727,0.64468591127599,15.2198,1.0007,89.6118,209.266,14.0616,6.25766,95.9148,2.67402
9352900,2003-10-01T04:00:00Z,23.4312110475718,31.6737045072331,16.7690916186953,17.3333049593041,0.739752841802019,0.715673278032854,12.3276,-0.574248,16.8481,69.7215,19.8252,7.07742,2.13472,0.703609
9352900,2003-11-01T05:00:00Z,161.802734480003,14.1752495199774,7.98792613001687,13.4583425602998,0.0831774728872896,0.0493683011952067,2.43045,-9.532,150.962,1243.68,19.194,25.097,50.4318,475.437
9352900,2003-12-01T05:00:00Z,94.3735864400241,12.928838936463,6.21141439878229,10.1815287195312,0.107885363941337,0.0658172973295843,2.08282,-11.6951,85.8101,2781.08,26.4849,23.3619,15.5725,539.597
9352900,2004-01-01T05:00:00Z,97.9895516920184,12.1632053590131,5.11164421391563,8.94622191447951,0.0912977124601766,0.0521651964485106,3.52797,-12.7447,92.692,8494.51,17.0404,17.9076,50.4677,129.425
9352900,2004-02-01T05:00:00Z,131.271308980621,11.1661769196729,4.54841408578129,7.41184083031006,0.0564620013913647,0.0346489581089861,1.01309,-14.2914,126.962,9636.56,13.881,19.6732,32.6854,1075.67
9352900,2004-03-01T05:00:00Z,37.2123386989472,25.0074177629537,19.9268484311551,35.5508295264346,0.955350584494179,0.535490354217346,9.86375,-6.6979,25.9578,13218.6,22.9185,17.6863,2.91366,37.4627
9352900,2004-04-01T05:00:00Z,132.958129511186,27.7992732839269,130.554122584427,50.6475790071187,0.380928787079978,0.981919067787753,8.56646,-5.09255,139.962,12803,11.9764,6.21178,45.6903,85.3827
9352900,2004-05-01T04:00:00Z,20.3825708572621,38.7848629101892,125.142479994271,165.062995613958,8.09824220751564,6.13968085138211,15.0476,0.735606,11.9831,12308.4,8.5682,5.96983,1.21115,745.794
9352900,2004-06-01T04:00:00Z,25.8630957447305,53.2997434011923,99.2731052406464,136.117806687168,5.26301290575013,3.83840767634605,18.8624,3.53748,20.097,8632,9.22463,3.31483,10.7482,1249.02
9352900,2004-07-01T04:00:00Z,54.117198629577,61.1404487818025,54.2482740758293,58.3454908870197,1.07813213478371,1.00242206635915,18.4105,4.26426,37.8143,5286.33,5.87198,2.65471,9.0411,1324.77
9352900,2004-08-01T04:00:00Z,25.1138461990581,52.5014821549566,17.9493552774065,23.4708292959819,0.934577249137656,0.714719487215768,16.5171,3.56792,8.41772,2233.06,7.34057,3.51961,0.565107,430.039
9352900,2004-09-01T04:00:00Z,179.45117617532,36.3363466576256,99.4920873073448,78.3574611288569,0.436650585406602,0.554424269753144,12.1101,0.253516,170.983,971.679,23.2474,14.2786,129.505,45.7446
9352900,2004-10-01T04:00:00Z,136.371359190956,22.6822553310261,49.085507066564,53.1181926172221,0.389511352914232,0.359940000288706,5.67864,-4.25065,129.882,842.093,18.4403,13.6698,52.4502,88.0891
9352900,2004-11-01T05:00:00Z,127.490798329191,14.6948585589408,13.2426504496224,35.0697100339408,0.275076401540668,0.103871421492152,1.98397,-10.0876,139.414,2744.54,29.0944,29.4884,33.9106,1421.68
9352900,2004-12-01T05:00:00Z,85.9461143534547,13.3221003732677,9.455746381539,15.9939723180375,0.186093023964551,0.110019475024224,2.79817,-11.3887,81.3587,5648.45,29.4096,22.6828,48.1684,258.342
9352900,2005-01-01T05:00:00Z,236.375275743985,14.0775934337566,5.72324940556467,14.5506138405561,0.061557258028609,0.0242125551733399,1.44712,-11.1756,251.105,5521.22,29.5783,16.2561,127.362,2857.64
9352900,2005-02-01T05:00:00Z,95.1484373436792,13.220327058176,5.02019009531623,11.4688484426903,0.120536382549978,0.0527616662497897,1.12199,-12.706,104.907,8056.78,6.72578,12.7378,23.2767,1199.23
9352900,2005-03-01T05:00:00Z,92.7667957373084,16.6982421159992,4.50310909593398,17.1772662049817,0.185166104622426,0.0485422511378491,2.64496,-12.442,85.0253,11191.5,14.4084,12.1652,15.9492,758.676
9352900,2005-04-01T05:00:00Z,98.8110159568161,24.1502856277556,40.5148125561357,71.4657494796212,0.723256903975709,0.410023236415685,6.93594,-8.08263,79.4093,13124.5,11.0601,13.4815,19.4388,175.322
9352900,2005-05-01T04:00:00Z,37.4315752814188,38.6046616546788,229.272352617504,272.027561701906,7.26732870996593,6.12510563324638,11.5588,-1.93582,22.4937,14411.4,20.2717,15.327,2.55249,341.225
9352900,2005-06-01T04:00:00Z,36.6446949844598,47.8089299449646,195.181977514726,264.966808068821,7.23070032868843,5.32633652968043,13.7859,1.89044,28.9747,11538.7,15.6173,9.69718,2.7891,956.464
9352900,2005-07-01T04:00:00Z,23.6470092419931,68.8600217871987,78.6783819719805,126.83350080499,5.36361700150035,3.32720223377175,19.9804,6.70512,13.7511,7643.93,3.0826,1.25791,1.1525,2349.74
9352900,2005-08-01T04:00:00Z,104.638888433178,55.7741672609414,85.5217204445751,58.9436394452553,0.563305290488598,0.817303411046735,15.5947,5.54669,119.114,3293.64,3.33533,1.2561,31.3401,936.927
9352900,2005-09-01T04:00:00Z,95.136591489946,41.2781672366214,73.0590260302005,42.4165347166165,0.44584879542483,0.767938233712329,12.7676,3.40513,103.456,996.76,6.82472,3.72123,34.1491,160.945
9352900,2005-10-01T04:00:00Z,90.7806547889609,29.2604265747949,44.7392168537331,72.9481176456832,0.803564567971742,0.49282765097629,8.53886,-1.28311,102.84,292.911,9.02126,7.68839,38.575,4.90922
9352900,2005-11-01T05:00:00Z,37.9107455832732,18.244131975636,16.7134498925704,18.2175245671305,0.480537227291261,0.440863128261574,4.05717,-6.4571,29.6878,377.418,24.1197,26.0403,5.51948,31.2044
9352900,2005-12-01T05:00:00Z,61.2315510281285,13.3866675628296,8.38609068411481,8.55612502867372,0.139733926137903,0.136957018780439,-0.18511,-11.44,47.4219,1476.27,26.8782,29.5649,6.28745,61.3152
9352900,2006-01-01T05:00:00Z,73.3931095031432,12.9896762726341,6.85455185384061,8.24404752002908,0.112327268538418,0.0933950325888161,-0.0404247,-12.6382,78.557,5923.95,15.6949,11.6147,14.1314,605.067
9352900,2006-02-01T05:00:00Z,38.9335074306711,13.7180280650536,5.12038257537983,6.69666320633277,0.172002566638968,0.131516087639874,0.893083,-11.8961,32.5148,7224.86,17.3938,12.5133,6.54821,30.2698
9352900,2006-03-01T05:00:00Z,172.954818426832,16.8955475933977,4.60838444757948,9.70040922703738,0.0560863774439515,0.0266450191413953,0.697904,-10.3875,166.228,10439.9,19.3608,18.2922,42.6578,2342.67
9352900,2006-04-01T05:00:00Z,70.3007703237682,28.0007503318123,30.6150469885531,60.2309591684144,0.856761012589513,0.435486650395954,7.34149,-4.6948,66.8987,12814.8,12.1772,9.74228,17.6534,62.4175
9352900,2006-05-01T04:00:00Z,22.7857421230173,42.3135054234815,119.717300014471,176.271779466111,7.7360561053681,5.2540443654691,11.8427,0.535933,11.5781,11810.6,9.41429,7.09291,1.56267,696.051
9352900,2006-06-01T04:00:00Z,26.6590454906993,57.3488475649079,82.9596001459468,85.4962341391029,3.20702532913005,3.11187436080146,17.0212,4.94212,20.7173,7941.06,6.72598,3.74002,6.24592,1589.42
9352900,2006-07-01T04:00:00Z,112.131520211098,63.9213041178946,89.1655629734537,53.0141667810072,0.472785588576726,0.795187319369174,17.3561,6.89996,107.827,4044.08,5.85462,1.04284,24.24,1358.56
9352900,2006-08-01T04:00:00Z,116.114154496726,53.3768845894856,82.2140132082446,69.4762553620117,0.598344410835552,0.708044713106556,15.2566,5.58548,131.827,1145.32,2.45452,1.27257,18.7641,309.604
9352900,2006-09-01T04:00:00Z,104.697874436536,33.8990623523271,55.8561410523416,52.5590537475671,0.502006884384522,0.533498328910199,10.6992,0.134529,104.844,286.886,14.2733,13.5564,30.5879,18.9223
9352900,2006-10-01T04:00:00Z,178.268835460109,24.9782228827829,75.2258580746727,128.835998152126,0.722706230842885,0.421979859129701,6.7484,-3.1178,183.764,423.274,11.4622,19.0733,97.2024,115.27
9352900,2006-11-01T05:00:00Z,80.5974449044364,16.9930592968921,25.244514841379,22.6126161472091,0.280562444306028,0.313217309448348,3.80774,-7.0256,78.8186,1170.57,25.8244,27.3362,26.665,389.17
9352900,2006-12-01T05:00:00Z,85.1702647890596,13.4904999205846,9.31679582133382,14.0694943480623,0.165192563189842,0.109390241352527,0.718661,-10.582,76.0211,3676.47,12.7168,13.9069,31.9588,923.81
9352900,2007-01-01T05:00:00Z,65.8773336257548,11.9419728693471,8.39566873475704,10.9747257206696,0.166593350347425,0.127443967032004,-0.33939,-14.2862,60.0549,7127.37,20.0147,24.8179,18.7505,528.779
9352900,2007-02-01T05:00:00Z,71.1212682314883,13.8554150578725,5.38044759485965,8.99823483258695,0.126519605967924,0.075651738624052,0.56088,-11.3703,56.2954,7338.55,23.0806,25.9886,9.96387,155.027
9352900,2007-03-01T05:00:00Z,69.0420358753374,21.6647649109454,10.2327883746428,28.464069434296,0.412271583151036,0.148210988348014,5.11032,-7.55009,64.7975,9398.77,29.4212,39.9915,8.19857,40.8514
9352900,2007-04-01T04:00:00Z,96.6376410325122,26.8439471627997,77.0468108313547,44.1069545551083,0.456415886023845,0.797275368150113,6.62686,-5.25549,84.865,10023.3,14.248,17.4057,17.3699,374.956
9352900,2007-05-01T04:00:00Z,105.525371781109,37.7217904485231,149.30731182424,159.159529408763,1.50825840954067,1.41489491393547,9.81557,-0.937457,111.219,10757.5,14.808,13.1219,34.6869,162.952
9352900,2007-06-01T04:00:00Z,8.70428701506214,55.9295389839203,90.2689367064504,184.476817297559,21.1937884146439,10.3706296162163,16.5252,4.52377,3.8903,8053.01,15.4345,8.60826,0.362298,1489.53
9352900,2007-07-01T04:00:00Z,106.547584917788,65.528825887581,91.2425613532425,75.7698184530118,0.711135954057296,0.856355040085097,18.0864,7.21049,111.477,3851.38,5.54288,0.976093,19.8144,1533.14
9352900,2007-08-01T04:00:00Z,118.83064467384,60.0730575107728,84.3137581144371,85.5092373686297,0.71958910602001,0.709528744423269,17.517,7.07622,121.814,968.911,3.22479,1.55099,44.4272,258.488
9352900,2007-09-01T04:00:00Z,116.973139635568,40.8182411352571,75.2509551446368,59.9578913483503,0.512578285366626,0.643318247070077,13.3334,2.91041,109.207,135.426,8.41982,8.32718,82.6798,6.64259
9352900,2007-10-01T04:00:00Z,55.6478115256461,27.9807023027535,30.9138579172412,36.7341234133788,0.660118024523738,0.555526930344675,9.20988,-2.27236,51.038,141.03,14.7052,16.3387,8.96534,13.914
9352900,2007-11-01T04:00:00Z,48.4826823058477,20.5210511959994,16.9070730117837,13.2632941173969,0.273567663474699,0.348723960962542,6.49212,-5.0379,42.8059,124.878,20.0164,19.765,39.146,50.5791
9352900,2007-12-01T05:00:00Z,214.047029053671,10.6802669304376,8.85528705192694,14.0824975775891,0.0657916049563948,0.0413707543201009,-2.11039,-14.8465,214.224,4953.67,21.8139,34.8064,154.974,1164.46
9352900,2008-01-01T05:00:00Z,182.590201437411,9.8209170043599,7.9944586267508,10.5456191462833,0.0577556685039212,0.0437836125039337,-2.95393,-17.3985,195.962,9259.73,14.1909,27.6098,120.093,1713.78
9352900,2008-02-01T05:00:00Z,142.396382900261,13.1264624039192,5.14590792934405,10.7276643596593,0.075336635251285,0.0361379118242659,0.115743,-12.3758,142.84,13707.3,19.4658,9.24359,52.8071,1531.06
9352900,2008-03-01T05:00:00Z,38.4898484538367,17.7289465990538,4.60214363111555,17.3203017297772,0.449996620551794,0.11956772541298,2.40098,-10.7887,29.8439,16825.7,13.657,18.4942,5.09658,62.9686
9352900,2008-04-01T04:00:00Z,43.1649389335788,23.5474560315907,15.6932287488186,58.1894521326974,1.34807215231413,0.363564252296683,5.3462,-7.62511,32.6456,17372,12.1909,13.3466,10.5927,123.129
9352900,2008-05-01T04:00:00Z,70.3566562523382,35.7519930456983,169.861522284993,171.096494114421,2.43184516189589,2.41429214139704,9.01273,-2.06118,68.1983,17469.5,20.9967,14.6861,29.109,106.44
9352900,2008-06-01T04:00:00Z,11.3269212822066,51.9150435944484,174.498593538209,229.376968853806,20.250601477573,15.4056507669324,15.1373,3.47595,10.0928,14778.7,13.4942,9.31308,1.83856,1238.88
9352900,2008-07-01T04:00:00Z,86.4222014849762,63.5039690171365,118.473484225924,95.40469503857,1.10393733785126,1.37086862160668,17.9607,6.41908,89.2954,10721.2,1.89465,0.633574,18.6802,2213.27
9352900,2008-08-01T04:00:00Z,89.3527220721268,57.3785549735066,75.2269948527512,37.4883107259367,0.419554210062852,0.841910499290966,17.0992,6.24738,84.7173,5754.53,5.25854,2.09017,70.7578,1694.91
9352900,2008-09-01T04:00:00Z,31.5449487408793,40.0734206991686,26.3897259098428,31.9229284884407,1.01198225905093,0.83657533022535,13.5783,2.77933,21.6962,2655.04,3.22973,1.13359,6.03878,305.326
9352900,2008-10-01T04:00:00Z,61.6244385437953,28.1806692802559,23.8456148845182,23.8479229522608,0.386988076740246,0.386950622967082,9.28658,-2.00851,56.4515,1740.57,15.8432,13.3419,23.1566,19.2183
9352900,2008-11-01T04:00:00Z,59.0086218891475,18.8268097894563,16.7250127378922,13.1852747402358,0.223446579806684,0.283433372996093,5.05471,-5.74979,57.4177,1663.36,16.0691,15.9467,11.6902,22.834
9352900,2008-12-01T05:00:00Z,220.244603827635,12.3291335513162,8.4156054028195,10.2465448671655,0.0465234774840819,0.0382102682951797,-1.06568,-12.3075,222.224,4359.63,26.0676,29.6917,102.605,6883.24
9352900,2009-01-01T05:00:00Z,53.3843846191042,14.433377123225,7.60354303156654,11.4558452131634,0.214591688091948,0.142430096100528,1.82489,-11.0097,47.8017,5239.53,21.78,12.2622,9.25265,99.4402
9352900,2009-02-01T05:00:00Z,71.2275190983205,13.8978966732715,4.95163684571992,9.51836401366134,0.133633238025916,0.069518592089173,1.01989,-11.9155,62.7848,6021.37,16.5419,19.343,19.5717,307.787
9352900,2009-03-01T05:00:00Z,49.6534409164605,19.6151108845545,5.25147990055412,19.6998927331925,0.396747785643629,0.105762658209115,3.13291,-8.90819,39.9831,7407.11,18.8634,21.9622,4.09394,102.008
9352900,2009-04-01T04:00:00Z,97.7829348665571,23.9948839164042,30.1822855293661,55.3157384072614,0.56569930614938,0.308666185674989,5.31716,-7.05176,84.1519,9149.86,17.722,21.0092,19.1011,388.995
9352900,2009-05-01T04:00:00Z,56.9828501330549,43.564591613151,174.372727419661,234.019121794895,4.1068342711616,3.06009136104111,11.3397,1.57867,62.789,8095.68,7.71675,2.58768,12.1949,958.516
9352900,2009-06-01T04:00:00Z,70.5479352542746,48.4486953858594,135.063937553459,118.329388694424,1.67729060060981,1.91449880236255,13.0196,2.96399,70.6329,4833.06,9.55751,3.57754,13.7486,993.158
9352900,2009-07-01T04:00:00Z,31.2064165508301,65.1120984654062,45.4978696768882,52.4680311408791,1.68132188633121,1.45796521054507,18.3163,6.72281,21.3882,1563.26,4.63067,1.38846,2.29488,679.75
9352900,2009-08-01T04:00:00Z,32.6078678613148,55.6662486044576,21.7149783819761,16.1630143018867,0.495678355010207,0.665942909065153,17.1438,5.4985,29.8481,151.814,6.20187,2.30313,5.50971,20.4677
9352900,2009-09-01T04:00:00Z,62.9787519197183,38.9392950162856,28.0263735246072,13.627384544149,0.216380670126973,0.445013161904726,12.7297,2.30647,69.9409,2.53165,8.1127,9.33399,6.98675,0.204938
9352900,2009-10-01T04:00:00Z,82.8846544439189,22.9152889764016,22.8182076304016,15.0707430216305,0.181827904365911,0.275300751188397,5.67742,-4.81857,90.5823,179.392,18.7496,28.413,21.4227,21.3773
9352900,2009-11-01T04:00:00Z,32.8818617787892,18.7900666894494,13.274775935767,9.50536078413448,0.289076112784649,0.403711201788763,5.23235,-5.93896,26.4515,365.755,16.6676,17.3827,7.5463,34.66
9352900,2009-12-01T05:00:00Z,130.585880096128,10.023621964148,7.80061372172201,6.76167935396707,0.0517795595434177,0.059735506748354,-2.89669,-15.8499,130.198,3252.88,19.2384,12.9138,80.1141,2178.93
9352900,2010-01-01T05:00:00Z,117.914957190225,12.9819245399408,7.09129346074519,6.41059215674186,0.0543662340172843,0.0601390496144201,0.476657,-12.7338,118.367,6432.37,9.31197,6.66866,71.5779,2569.5
9352900,2010-02-01T05:00:00Z,81.9699740247074,11.7377781301416,4.76560894257737,5.59138869654969,0.0682126444844832,0.0581384708154344,-1.02999,-14.2324,75.2574,8953.33,4.19966,7.60301,25.9191,821.653
9352900,2010-03-01T05:00:00Z,70.0705577724221,18.1717600180921,4.25963437605235,8.21804106097536,0.117282369688939,0.0607906446226239,2.90745,-10.7834,56.9705,12139.3,13.8523,10.9942,14.4112,304.107
9352900,2010-04-01T04:00:00Z,66.8264876754108,24.0383842874679,14.542500792761,57.5002809677738,0.86044146517267,0.21761581819767,4.70183,-6.42264,58.9873,12682.8,16.6789,23.618,9.8614,15.8927
9352900,2010-05-01T04:00:00Z,16.7642799062184,34.7414478769799,98.4355349468177,181.356042211113,10.8180037094133,5.87174250832599,8.37389,-2.33898,11.9451,12707.8,15.0531,19.2344,0.842868,274.081
9352900,2010-06-01T04:00:00Z,10.2172848670377,55.539231045799,120.701185923718,138.211326640992,13.5272069282202,11.813430622172,15.8846,4.6545,7.23207,9189.45,9.91153,5.73321,0.791349,1497.63
9352900,2010-07-01T04:00:00Z,70.2230690944605,64.9602978718362,81.5938099451497,34.2635098032754,0.487923843903574,1.16192315427561,18.1039,6.97033,67.1435,5052.1,6.10718,4.34023,10.9695,2125.07
9352900,2010-08-01T04:00:00Z,105.496860054468,54.247889667912,77.4430562022906,61.102175546714,0.579184778723909,0.734079252807212,15.5578,5.83347,119.063,1533.62,3.92497,1.54601,17.7962,413.243
9352900,2010-09-01T04:00:00Z,53.8042745084111,44.695965778314,38.5121982234973,27.0077077272877,0.501962120557273,0.715783245390229,15.4143,4.1929,48.4346,267.241,6.97918,3.3272,33.7949,27.4217
9352900,2010-10-01T04:00:00Z,91.3800816936913,27.8636813507359,37.175396037442,36.7601298724325,0.402277270835164,0.406821654658342,8.50606,-1.55451,94.8228,90.2785,19.3977,18.1655,27.8802,19.0991
9352900,2010-11-01T04:00:00Z,78.0667383962192,14.0239251902737,12.6202084221165,17.0212274506594,0.218034310134363,0.161659224932186,1.25113,-10.1203,73.7215,867.122,38.3292,41.2194,28.9614,633.978
9352900,2010-12-01T05:00:00Z,196.859662166743,14.9581966218369,9.84457043575457,11.5208613607977,0.0585232202168434,0.0500080632436323,0.811828,-8.44944,204.709,2899.54,22.5274,26.8723,109.101,917.039
9352900,2011-01-01T05:00:00Z,26.2587105697319,12.1904184357259,6.13583274416323,8.2700539790828,0.314945166752232,0.233668470805871,-0.0462093,-13.796,10.4346,4869.13,21.7302,26.4447,0.49364,10.1768
9352900,2011-02-01T05:00:00Z,88.9162937028973,11.0524835194773,6.08776301078084,7.99698615901875,0.0899383659168215,0.0684662254493236,-2.17872,-14.3957,87.2447,5534.97,30.2208,37.2351,29.5035,680.811
9352900,2011-03-01T05:00:00Z,57.3827940832425,20.3237590394072,7.57151197583755,14.7846719720395,0.257649914198881,0.131947425997659,3.35994,-7.57091,49.1013,8425.23,10.7976,12.2087,11.2594,157.839
9352900,2011-04-01T04:00:00Z,120.490860209789,24.4668859289243,53.8580329914579,54.5485478651767,0.452719382783068,0.446988534214831,5.073,-6.35633,101.422,8686.14,11.0643,21.8955,27.9188,78.3187
9352900,2011-05-01T04:00:00Z,106.44194926748,32.8591034600736,134.83328247396,107.3286565147,1.00833043037376,1.26673067716127,7.56751,-2.87702,100.587,9870.95,20.6904,16.7894,39.6227,85.3214
9352900,2011-06-01T04:00:00Z,0.437471114566959,58.2576923971732,129.473702258231,249.063858357472,569.326408222435,295.95943125615,15.3157,4.08214,3.84388,7549.38,6.8155,4.69147,0.492514,1267.93
9352900,2011-07-01T04:00:00Z,73.7037503843976,72.4903029650521,86.5504399966455,84.3129402521586,1.14394369095778,1.17430170846459,18.3756,7.12406,71.2785,3869.75,2.2131,1.51909,12.8948,1103.28
9352900,2011-08-01T04:00:00Z,60.8193915896529,66.1380019709466,41.7385938125129,29.4003019602299,0.483403421043622,0.686271150065464,17.8793,7.05975,49.3755,1221.25,2.6483,0.210303,8.48666,285.47
9352900,2011-09-01T04:00:00Z,57.3485276979726,45.0156949679596,38.902027759971,22.6646290653166,0.395208560273429,0.678343966646353,13.1861,3.35401,53.5021,247.392,11.5672,2.42288,9.82341,13.5399
9352900,2011-10-01T04:00:00Z,148.32769444532,28.8076617412581,69.8851880685581,37.8914108412693,0.255457424744357,0.471154010246689,8.01082,-2.30148,142.253,840.135,18.5681,13.7751,94.8528,169.02
9352900,2011-11-01T04:00:00Z,61.8599982725642,16.3779493760662,17.1281721178521,19.933950864676,0.322242990968802,0.276886074945927,2.70056,-8.33319,59.8312,1947.83,9.76894,7.04274,20.8802,248.098
9352900,2011-12-01T05:00:00Z,67.0360418640496,12.5747213051749,8.13292044599146,12.3140583619362,0.183693100301318,0.121321608791957,0.0657411,-12.1055,75.7637,4157.76,19.5655,21.186,19.9387,537.297
9352900,2012-01-01T05:00:00Z,54.9343336799818,14.4807013413825,6.21485207076636,9.67440276798366,0.176108493903678,0.113132382873173,1.77099,-10.7373,67.7342,3753.67,17.032,8.70736,25.9098,862.115
9352900,2012-02-01T05:00:00Z,106.54873776385,12.2521605166543,5.10903413663532,8.19203460192164,0.07688532753976,0.0479502079879984,-1.21934,-13.4517,129.776,6482.14,8.13352,7.32136,43.1468,937.147
9352900,2012-03-01T05:00:00Z,33.8867572503754,22.0096428275258,5.85880918603726,30.1544892727878,0.889860574441768,0.172893769172096,4.69784,-7.45304,31.6371,9489.01,24.4139,31.1874,4.06161,44.797
9352900,2012-04-01T04:00:00Z,43.1664990624763,31.6730363624467,60.8541414452339,89.7742966534397,2.07972151096864,1.4097539241521,7.35682,-3.59297,38.8776,9007.65,19.9256,14.5232,9.0578,66.3286
9352900,2012-05-01T04:00:00Z,15.2553209961817,45.6143209708364,77.4094991967513,122.81550288119,8.05066657803726,5.07426223388721,12.094,0.486185,13.7215,7594.52,9.06864,6.23843,2.76332,604.225
9352900,2012-06-01T04:00:00Z,4.91241543468563,68.4884878479476,30.5255063079724,61.0761690876603,12.433021982712,6.21395049214234,18.9424,6.15647,2.173,3902.78,4.36283,3.92199,0.0534079,1731.72
9352900,2012-07-01T04:00:00Z,75.0157364085947,71.4058769586614,37.4300511767128,42.0524442898644,0.560581636642393,0.49896265728619,17.8826,6.94494,89.6836,675.258,4.47063,0.634742,11.5839,274.314
9352900,2012-08-01T04:00:00Z,57.2911854951421,64.3343959691382,25.4151774331538,24.1469972313786,0.421478400607125,0.443614095493082,17.413,6.95454,52.8228,10.903,3.02089,0.685673,8.21567,0.349746
9352900,2012-09-01T04:00:00Z,37.8133282459622,46.9700670334079,12.0887437832975,12.5741229524734,0.332531505047195,0.319695312315926,14.4582,3.59838,34.7595,0,10.1139,4.09824,5.92806,0
9352900,2012-10-01T04:00:00Z,17.1262950270222,30.9953061889567,7.26485368939959,8.99823483258695,0.52540463762824,0.424192954631282,10.144,-1.40547,13.1688,16.2194,11.56,13.948,4.0186,1.32995
9352900,2012-11-01T04:00:00Z,50.3521493660332,19.883738814324,6.37257589546262,6.44960184532244,0.128089901355298,0.126560156332899,5.58755,-5.71048,50.1856,376.878,17.111,18.8413,33.903,73.4957
9352900,2012-12-01T05:00:00Z,77.588725934551,11.9380431263888,5.870025129989,5.48736286033482,0.0707237139705531,0.0756556453181173,-1.36885,-12.4131,82.384,1446.99,19.3331,25.4653,20.4612,1062.94
